,deal_status,single_model,multi_model
0,lost,1,0
1,won,1,14
2,lost,0,2
3,lost,0,4
4,lost,0,6
5,won,0,1
6,won,0,1
7,lost,0,1
8,lost,1,0
9,won,0,3
10,lost,1,0
11,lost,1,1
12,lost,1,1
13,lost,1,0
14,lost,4,3
15,won,0,1
16,lost,1,0
17,won,0,1
18,lost,3,0
19,lost,0,2
20,lost,0,2
21,lost,1,0
22,lost,2,0
23,lost,1,1
24,won,6,5
25,won,3,4
26,lost,0,1
27,won,1,1
28,lost,1,0
29,lost,2,2
30,lost,3,0
31,lost,0,1
32,lost,0,1
33,lost,1,0
34,lost,1,0
35,lost,1,0
36,lost,1,1
37,lost,0,2
38,lost,1,0
39,lost,0,1
40,lost,1,0
41,lost,0,1
42,lost,1,3
43,won,1,1
44,lost,1,1
45,won,1,1
46,won,1,4
47,won,3,4
48,won,0,1
49,won,1,4
50,lost,6,1
51,lost,1,2
52,lost,2,0
53,won,5,1
54,lost,0,1
55,lost,0,1
56,lost,2,0
57,won,0,4
58,won,1,3
59,lost,2,2
60,lost,1,0
61,lost,0,1
62,lost,1,0
63,lost,0,2
64,lost,3,0
65,lost,2,1
66,won,0,3
67,lost,1,1
68,lost,1,0
69,lost,1,0
70,lost,0,4
71,lost,0,1
72,lost,0,1
73,lost,2,1
74,lost,1,0
75,lost,4,4
76,lost,1,0
77,lost,0,1
78,won,7,1
79,lost,1,3
80,lost,2,0
81,lost,1,0
82,won,0,2
83,lost,1,0
84,won,0,1
85,lost,1,1
86,won,1,10
87,lost,0,1
88,lost,1,1
89,lost,0,4
90,lost,0,1
91,lost,0,1
92,won,1,4
93,lost,1,0
94,won,4,3
95,lost,1,0
96,won,0,2
97,won,5,8
98,lost,0,1
99,lost,1,1
100,lost,0,5
101,lost,0,2
102,lost,0,3
103,won,1,6
104,lost,0,1
105,lost,2,0
106,lost,1,3
107,lost,1,0
108,lost,0,1
109,lost,0,1
110,lost,2,1
111,lost,3,3
112,lost,2,0
113,lost,1,0
114,won,0,1
115,lost,0,1
116,lost,0,1
117,lost,0,1
118,lost,0,1
119,won,1,2
120,lost,1,0
121,lost,0,1
122,lost,0,3
123,lost,1,0
124,lost,1,0
125,lost,1,1
126,lost,13,13
127,lost,0,2
128,lost,1,1
129,lost,0,1
130,lost,1,0
131,won,10,3
132,lost,1,1
133,lost,4,1
134,won,0,1
135,lost,1,0
136,lost,1,0
137,lost,0,1
138,lost,2,0
139,won,1,10
140,lost,0,2
141,lost,1,0
142,won,0,1
143,lost,2,1
144,lost,0,1
145,lost,0,2
146,lost,0,1
147,won,1,10
148,lost,1,2
149,won,0,1
150,lost,2,2
151,lost,2,1
152,lost,1,0
153,won,11,8
154,won,2,4
155,lost,1,0
156,lost,1,0
157,won,2,0
158,lost,0,3
159,lost,1,0
160,lost,0,1
161,lost,2,0
162,lost,1,0
163,lost,0,1
164,lost,1,0
165,lost,3,0
166,lost,0,2
167,won,24,1
168,lost,0,1
169,lost,1,1
170,won,11,13
171,lost,0,1
172,lost,0,1
173,lost,1,1
174,won,28,4
175,won,0,2
176,lost,0,4
177,lost,1,0
178,lost,1,1
179,won,0,1
180,lost,0,3
181,lost,0,1
182,won,4,5
183,lost,1,2
184,lost,1,0
185,lost,0,1
186,lost,0,1
187,lost,0,1
188,lost,1,0
189,lost,2,0
190,lost,1,0
191,lost,0,1
192,lost,0,4
193,lost,0,1
194,won,0,1
195,lost,1,0
196,won,1,0
197,lost,1,0
198,lost,1,0
199,lost,1,0
200,won,1,2
201,lost,0,1
202,lost,0,1
203,won,0,1
204,lost,0,1
205,lost,0,1
206,lost,1,0
207,lost,2,0
208,lost,2,2
209,lost,0,1
210,lost,1,0
211,won,0,1
212,won,2,7
213,lost,0,1
214,won,0,1
215,lost,0,1
216,lost,2,1
217,lost,1,1
218,lost,2,0
219,lost,4,2
220,lost,4,2
221,lost,1,1
222,won,0,1
223,lost,1,0
224,lost,1,0
225,lost,1,0
226,lost,1,0
227,won,0,1
228,lost,0,1
229,lost,0,1
230,lost,0,1
231,won,1,16
232,lost,0,1
233,lost,2,1
234,lost,4,0
235,lost,2,0
236,lost,7,2
237,lost,0,3
238,lost,0,2
239,lost,3,0
240,lost,0,1
241,won,0,3
242,lost,2,0
243,won,4,3
244,lost,0,1
245,lost,1,0
246,won,2,0
247,lost,1,0
248,lost,1,1
249,won,16,29
250,lost,6,0
251,lost,1,1
252,lost,5,1
253,lost,1,4
254,lost,2,0
255,won,0,3
256,lost,1,0
257,lost,0,1
258,lost,2,1
259,lost,0,2
260,lost,2,0
261,lost,1,3
262,won,2,0
263,lost,0,1
264,lost,10,0
265,lost,6,1
266,won,1,4
267,lost,0,1
268,lost,2,0
269,lost,7,6
270,lost,0,1
271,lost,1,0
272,lost,1,1
273,won,5,7
274,lost,1,1
275,lost,1,0
276,lost,4,0
277,lost,0,1
278,won,2,2
279,lost,2,2
280,lost,0,1
281,lost,1,0
282,lost,0,1
283,won,1,0
284,lost,0,1
285,lost,1,1
286,lost,1,3
287,lost,1,4
288,won,1,1
289,won,0,1
290,lost,0,1
291,lost,1,0
292,lost,0,1
293,lost,0,1
294,lost,1,0
295,lost,1,0
296,won,0,2
297,lost,5,2
298,won,0,3
299,lost,0,2
300,lost,0,2
301,won,4,0
302,won,0,1
303,lost,0,2
304,lost,0,1
305,lost,2,1
306,lost,1,2
307,lost,1,1
308,lost,0,1
309,lost,0,3
310,lost,0,2
311,won,0,2
312,won,0,1
313,lost,0,1
314,won,0,1
315,lost,0,1
316,lost,3,3
317,lost,1,0
318,lost,0,1
319,won,2,2
320,won,3,4
321,won,17,9
322,lost,1,0
323,lost,1,3
324,lost,1,0
325,lost,1,0
326,won,10,7
327,lost,2,0
328,lost,5,9
329,lost,0,1
330,lost,1,0
331,won,1,1
332,lost,0,1
333,lost,0,1
334,won,0,1
335,lost,1,0
336,lost,0,1
337,lost,0,1
338,won,4,1
339,lost,0,1
340,lost,0,1
341,lost,1,1
342,lost,4,0
343,lost,0,3
344,won,0,1
345,lost,0,1
346,won,0,8
347,lost,2,2
348,lost,1,0
349,lost,2,0
350,lost,2,0
351,won,0,1
352,lost,1,0
353,won,2,9
354,won,0,3
355,lost,0,1
356,lost,1,0
357,lost,1,0
358,lost,0,1
359,lost,0,1
360,lost,0,1
361,lost,1,0
362,won,1,0
363,won,0,1
364,lost,0,1
365,lost,0,1
366,lost,1,0
367,won,10,6
368,lost,1,2
369,won,0,1
370,won,6,1
371,lost,0,2
372,won,2,2
373,won,0,1
374,lost,0,1
375,lost,1,0
376,won,0,1
377,lost,2,1
378,won,0,1
379,lost,0,1
380,won,0,1
381,lost,0,2
382,lost,1,0
383,lost,0,1
384,won,1,3
385,lost,1,1
386,lost,0,1
387,lost,1,0
388,lost,1,0
389,lost,0,2
390,lost,2,3
391,lost,2,2
392,lost,0,1
393,lost,1,1
394,lost,0,1
395,won,0,1
396,lost,0,2
397,lost,0,1
398,won,2,7
399,won,4,5
400,lost,1,0
401,won,2,1
402,lost,1,2
403,lost,1,0
404,lost,0,1
405,lost,0,1
406,won,3,0
407,lost,1,0
408,won,0,1
409,won,1,4
410,lost,0,1
411,lost,2,1
412,won,0,1
413,lost,1,0
414,lost,1,1
415,lost,1,2
416,lost,1,0
417,lost,2,0
418,won,1,0
419,lost,1,1
420,won,4,2
421,won,8,6
422,lost,3,0
423,lost,1,2
424,lost,2,1
425,lost,1,1
426,lost,1,1
427,lost,0,1
428,lost,1,1
429,lost,0,1
430,lost,2,1
431,lost,1,0
432,lost,1,1
433,lost,1,1
434,lost,0,2
435,lost,1,2
436,lost,1,0
437,won,1,2
438,won,3,11
439,lost,2,1
440,won,9,2
441,lost,0,1
442,lost,0,2
443,lost,0,1
444,lost,3,1
445,lost,0,1
446,lost,1,0
447,lost,1,0
448,lost,10,4
449,lost,6,1
450,lost,1,0
451,lost,0,1
452,lost,3,2
453,lost,2,0
454,lost,0,1
455,lost,0,1
456,lost,1,0
457,lost,4,1
458,lost,0,3
459,lost,1,1
460,lost,2,0
461,lost,1,2
462,lost,1,3
463,won,2,1
464,won,3,2
465,lost,0,1
466,lost,1,0
467,lost,3,0
468,lost,1,0
469,lost,0,1
470,lost,7,1
471,won,3,3
472,lost,3,0
473,lost,0,1
474,lost,1,1
475,lost,0,1
476,lost,0,1
477,won,1,0
478,lost,0,1
479,lost,1,0
480,lost,0,1
481,lost,1,0
482,lost,1,1
483,lost,0,1
484,lost,0,1
485,lost,0,3
486,lost,1,0
487,won,3,2
488,lost,1,0
489,lost,2,0
490,lost,1,0
491,lost,0,1
492,lost,1,1
493,lost,0,1
494,lost,1,0
495,lost,4,0
496,lost,1,0
497,lost,1,1
498,lost,0,1
499,lost,1,0
500,lost,1,0
501,lost,1,0
502,lost,1,2
503,lost,0,1
504,lost,1,0
505,won,119,44
506,lost,0,1
507,lost,1,0
508,won,3,1
509,lost,1,2
510,lost,1,3
511,lost,3,0
512,lost,3,1
513,lost,0,1
514,won,1,1
515,lost,1,1
516,lost,2,2
517,lost,0,1
518,won,1,2
519,won,0,2
520,lost,1,0
521,lost,0,2
522,lost,0,1
523,lost,2,1
524,won,1,0
525,won,1,3
526,lost,0,1
527,lost,1,0
528,lost,1,0
529,lost,0,1
530,lost,3,0
531,lost,0,1
532,lost,1,0
533,lost,2,3
534,lost,0,1
535,lost,1,3
536,lost,0,2
537,won,2,2
538,lost,2,1
539,lost,1,0
540,lost,1,2
541,lost,8,2
542,lost,0,1
543,lost,1,0
544,lost,2,1
545,lost,0,1
546,won,5,3
547,lost,2,0
548,lost,1,0
549,lost,1,4
550,lost,1,0
551,won,5,24
552,lost,0,1
553,lost,0,1
554,lost,0,1
555,lost,0,2
556,lost,0,2
557,lost,0,1
558,won,0,1
559,won,3,3
560,lost,1,0
561,lost,0,1
562,lost,1,0
563,lost,0,1
564,won,8,6
565,lost,3,3
566,lost,1,1
567,lost,1,0
568,lost,2,1
569,lost,1,0
570,lost,1,1
571,lost,0,3
572,lost,1,0
573,lost,1,0
574,lost,0,1
575,lost,1,0
576,lost,1,1
577,won,76,66
578,lost,1,0
579,lost,1,2
580,lost,0,1
581,lost,0,1
582,won,0,2
583,lost,2,3
584,lost,0,1
585,lost,2,0
586,won,0,3
587,won,0,3
588,lost,0,1
589,lost,1,1
590,lost,0,2
591,lost,1,0
592,lost,1,0
593,lost,1,0
594,lost,0,2
595,lost,1,0
596,won,2,1
597,lost,0,1
598,lost,2,2
599,lost,4,3
600,won,24,17
601,lost,7,1
602,lost,0,1
603,lost,2,0
604,won,3,3
605,won,0,2
606,lost,0,1
607,lost,1,0
608,lost,1,0
609,lost,0,1
610,won,1,1
611,lost,4,3
612,won,0,3
613,lost,0,1
614,lost,1,0
615,won,3,0
616,lost,1,0
617,lost,0,1
618,lost,2,0
619,lost,1,0
620,lost,3,0
621,lost,1,0
622,lost,1,0
623,lost,1,0
624,lost,1,0
625,lost,0,1
626,won,3,0
627,lost,0,1
628,won,1,0
629,lost,8,1
630,lost,0,2
631,lost,1,0
632,lost,3,1
633,lost,0,1
634,lost,4,0
635,lost,3,3
636,lost,2,0
637,lost,0,2
638,lost,0,1
639,lost,3,0
640,lost,1,0
641,lost,0,1
642,lost,0,1
643,won,0,6
644,lost,1,2
645,won,1,5
646,lost,1,0
647,lost,0,1
648,lost,2,4
649,lost,1,0
650,lost,0,1
651,lost,1,0
652,won,2,5
653,lost,2,0
654,lost,0,1
655,lost,0,1
656,lost,1,1
657,lost,0,1
658,lost,2,1
659,lost,3,1
660,won,1,1
661,lost,6,5
662,won,0,2
663,lost,0,1
664,lost,4,1
665,lost,1,1
666,won,1,3
667,lost,0,1
668,lost,0,1
669,lost,2,0
670,lost,1,2
671,lost,0,1
672,lost,2,0
673,lost,0,2
674,won,0,1
675,won,0,4
676,lost,0,3
677,won,0,3
678,won,3,1
679,won,1,0
680,lost,0,1
681,won,1,2
682,won,2,4
683,lost,7,3
684,lost,3,2
685,won,2,4
686,lost,0,1
687,lost,2,0
688,won,0,1
689,lost,3,3
690,lost,1,0
691,lost,1,0
692,lost,0,1
693,won,0,1
694,lost,0,2
695,won,0,1
696,lost,0,2
697,lost,0,1
698,lost,1,0
699,lost,1,1
700,won,1,2
701,lost,1,1
702,lost,2,0
703,lost,3,1
704,lost,0,2
705,lost,2,0
706,lost,1,0
707,lost,0,1
708,won,0,1
709,lost,0,1
710,lost,1,0
711,won,0,10
712,lost,3,0
713,lost,0,1
714,lost,1,0
715,lost,3,0
716,lost,0,1
717,lost,1,1
718,lost,1,0
719,lost,1,0
720,lost,1,0
721,lost,1,0
722,lost,2,0
723,won,17,73
724,lost,1,0
725,won,0,1
726,lost,2,0
727,lost,0,1
728,won,2,0
729,won,0,7
730,lost,0,1
731,lost,1,0
732,lost,1,0
733,lost,0,1
734,lost,1,0
735,lost,0,2
736,won,1,0
737,lost,1,2
738,lost,2,0
739,won,0,5
740,lost,2,1
741,lost,1,0
742,lost,6,0
743,won,3,7
744,lost,0,1
745,lost,0,4
746,lost,1,0
747,lost,0,1
748,lost,1,1
749,lost,0,1
750,won,5,1
751,lost,0,1
752,lost,1,1
753,lost,0,1
754,lost,0,1
755,lost,0,1
756,lost,1,2
757,lost,1,0
758,won,0,7
759,won,4,10
760,lost,1,1
761,won,1,0
762,lost,0,1
763,lost,2,0
764,lost,1,1
765,lost,2,0
766,lost,1,0
767,lost,1,0
768,lost,0,1
769,lost,1,0
770,lost,0,4
771,lost,0,1
772,lost,0,1
773,lost,0,1
774,lost,0,1
775,lost,3,1
776,lost,2,1
777,lost,0,1
778,lost,0,1
779,lost,0,1
780,lost,0,1
781,lost,0,1
782,won,3,4
783,won,1,5
784,lost,0,1
785,lost,0,1
786,lost,0,1
787,lost,2,0
788,lost,1,0
789,lost,0,1
790,lost,0,1
791,lost,0,1
792,lost,2,0
793,lost,4,1
794,won,2,5
795,lost,1,0
796,lost,0,1
797,lost,0,1
798,lost,1,1
799,lost,0,1
800,lost,0,1
801,lost,0,1
802,lost,0,1
803,lost,0,1
804,lost,1,1
805,won,1,5
806,lost,3,1
807,lost,0,3
808,lost,1,0
809,won,0,2
810,lost,0,2
811,won,1,7
812,lost,1,0
813,lost,1,1
814,won,5,1
815,lost,0,1
816,lost,2,0
817,lost,0,1
818,lost,0,1
819,lost,1,0
820,won,7,4
821,lost,0,3
822,lost,1,0
823,lost,1,0
824,lost,2,0
825,lost,1,0
826,lost,1,2
827,lost,1,0
828,lost,0,2
829,lost,1,0
830,won,1,0
831,lost,2,0
832,lost,1,3
833,lost,0,1
834,lost,1,0
835,lost,4,3
836,lost,12,2
837,lost,1,0
838,lost,1,2
839,lost,0,1
840,won,1,1
841,lost,0,2
842,won,2,4
843,won,0,1
844,lost,0,1
845,lost,1,0
846,lost,1,1
847,won,5,1
848,lost,1,0
849,lost,0,1
850,lost,0,1
851,lost,2,0
852,won,1,0
853,won,0,3
854,lost,1,0
855,lost,1,1
856,lost,6,0
857,lost,0,2
858,won,2,1
859,lost,2,1
860,lost,3,1
861,lost,1,0
862,lost,1,0
863,lost,0,1
864,lost,1,1
865,won,0,3
866,lost,0,1
867,lost,0,1
868,won,2,5
869,lost,0,1
870,lost,3,0
871,lost,0,3
872,lost,1,1
873,lost,3,4
874,lost,0,2
875,lost,1,0
876,lost,0,1
877,won,5,1
878,lost,2,0
879,lost,1,0
880,lost,1,0
881,lost,0,1
882,lost,3,3
883,lost,9,1
884,lost,0,1
885,lost,1,1
886,lost,0,2
887,lost,1,0
888,lost,1,0
889,lost,7,1
890,lost,2,0
891,lost,0,1
892,lost,0,1
893,lost,1,0
894,won,2,1
895,lost,1,1
896,lost,4,0
897,lost,1,0
898,lost,0,1
899,lost,0,1
900,lost,0,1
901,lost,0,1
902,won,0,1
903,lost,2,2
904,lost,1,0
905,lost,2,2
906,lost,2,3
907,lost,2,0
908,lost,0,1
909,lost,1,4
910,lost,1,0
911,lost,6,2
912,won,0,1
913,lost,4,2
914,lost,1,0
915,lost,1,0
916,won,0,1
917,lost,0,1
918,lost,0,1
919,won,0,1
920,lost,6,4
921,lost,0,2
922,lost,2,0
923,lost,1,1
924,lost,0,3
925,lost,0,1
926,lost,1,1
927,lost,3,0
928,lost,2,2
929,lost,0,1
930,lost,0,1
931,lost,2,1
932,lost,2,1
933,lost,2,0
934,lost,0,1
935,won,5,6
936,lost,0,2
937,lost,2,2
938,lost,13,2
939,lost,1,0
940,lost,1,2
941,lost,0,1
942,lost,1,0
943,lost,0,1
944,lost,6,1
945,lost,0,2
946,lost,1,1
947,lost,0,1
948,lost,0,1
949,won,2,3
950,lost,0,1
951,lost,1,0
952,lost,1,0
953,lost,1,0
954,won,299,204
955,lost,6,0
956,lost,3,0
957,lost,1,0
958,lost,1,1
959,won,8,1
960,lost,0,1
961,won,4,6
962,won,2,2
963,won,2,1
964,won,0,1
965,lost,0,2
966,lost,1,0
967,lost,0,1
968,won,1,2
969,lost,0,2
970,lost,1,0
971,lost,0,1
972,lost,2,1
973,lost,1,2
974,lost,2,0
975,lost,0,2
976,lost,1,0
977,lost,3,0
978,lost,0,1
979,won,0,2
980,lost,1,0
981,won,3,6
982,won,0,1
983,lost,1,2
984,lost,3,1
985,lost,1,1
986,won,0,1
987,lost,1,2
988,won,0,1
989,lost,0,1
990,lost,0,1
991,lost,0,1
992,lost,0,2
993,won,2,1
994,lost,1,1
995,lost,1,0
996,lost,1,0
997,lost,1,0
998,lost,0,2
999,won,0,2
1000,lost,0,1
1001,lost,2,0
1002,lost,3,0
1003,lost,2,1
1004,lost,0,1
1005,won,0,3
1006,lost,1,0
1007,lost,42,3
1008,won,8,1
1009,lost,1,1
1010,lost,1,0
1011,lost,0,1
1012,lost,0,1
1013,lost,0,1
1014,lost,1,1
1015,lost,1,1
1016,lost,1,0
1017,won,0,1
1018,won,0,3
1019,won,0,1
1020,lost,0,3
1021,lost,0,1
1022,won,0,1
1023,lost,0,1
1024,won,1,3
1025,lost,1,0
1026,won,1,0
1027,lost,1,0
1028,lost,4,0
1029,lost,0,1
1030,lost,4,1
1031,won,5,1
1032,lost,2,0
1033,lost,1,0
1034,won,2,1
1035,lost,1,0
1036,lost,1,0
1037,lost,0,1
1038,lost,0,3
1039,lost,0,1
1040,lost,1,0
1041,lost,1,0
1042,won,4,0
1043,lost,0,1
1044,lost,0,3
1045,lost,0,3
1046,lost,1,0
1047,won,0,1
1048,lost,0,1
1049,lost,1,0
1050,won,0,2
1051,lost,1,0
1052,lost,1,0
1053,won,0,1
1054,lost,1,0
1055,lost,0,1
1056,lost,0,1
1057,won,0,1
1058,lost,1,1
1059,lost,37,0
1060,lost,1,1
1061,won,0,1
1062,lost,4,0
1063,won,0,3
1064,lost,2,0
1065,lost,1,0
1066,lost,1,0
1067,lost,0,1
1068,lost,1,1
1069,won,9,1
1070,lost,0,1
1071,lost,1,0
1072,lost,0,2
1073,lost,1,0
1074,won,2,8
1075,lost,1,0
1076,lost,0,1
1077,lost,3,2
1078,lost,1,0
1079,lost,1,0
1080,lost,0,7
1081,lost,1,0
1082,lost,0,2
1083,lost,1,0
1084,lost,0,1
1085,lost,1,0
1086,lost,0,1
1087,lost,0,1
1088,won,5,2
1089,lost,0,1
1090,lost,0,1
1091,lost,1,0
1092,lost,0,1
1093,lost,1,0
1094,won,0,8
1095,won,2,1
1096,won,7,6
1097,lost,0,1
1098,lost,0,2
1099,lost,2,0
1100,lost,1,0
1101,lost,0,1
1102,won,2,0
1103,lost,0,2
1104,won,1,7
1105,lost,0,1
1106,lost,0,1
1107,lost,0,1
1108,lost,1,1
1109,lost,1,1
1110,lost,0,1
1111,won,2,0
1112,lost,1,0
1113,won,0,1
1114,won,2,4
1115,won,1,1
1116,lost,0,1
1117,lost,0,4
1118,lost,0,1
1119,lost,0,1
1120,lost,1,0
1121,lost,0,2
1122,lost,2,1
1123,lost,1,0
1124,lost,0,1
1125,won,1,1
1126,lost,0,1
1127,won,0,3
1128,lost,0,1
1129,won,0,1
1130,lost,0,2
1131,lost,1,2
1132,won,0,1
1133,lost,2,4
1134,won,0,9
1135,won,5,12
1136,lost,1,0
1137,won,16,5
1138,won,0,1
1139,won,1,0
1140,lost,1,1
1141,lost,0,2
1142,won,0,1
1143,lost,1,0
1144,lost,1,0
1145,lost,1,1
1146,lost,1,0
1147,won,0,3
1148,won,0,2
1149,lost,1,0
1150,lost,1,1
1151,lost,0,1
1152,lost,1,0
1153,lost,1,3
1154,lost,1,0
1155,lost,2,1
1156,lost,1,3
1157,lost,1,0
1158,lost,0,1
1159,lost,0,1
1160,won,0,3
1161,lost,7,0
1162,lost,1,0
1163,lost,2,0
1164,lost,0,1
1165,lost,0,1
1166,lost,1,1
1167,won,0,18
1168,lost,0,1
1169,lost,0,2
1170,won,0,1
1171,won,3,7
1172,won,2,2
1173,lost,0,1
1174,won,0,1
1175,lost,1,3
1176,lost,1,0
1177,lost,0,1
1178,lost,1,0
1179,won,1,2
1180,lost,0,1
1181,lost,0,2
1182,lost,2,3
1183,won,4,1
1184,lost,1,0
1185,lost,1,2
1186,lost,1,0
1187,lost,0,3
1188,won,0,2
1189,lost,3,0
1190,lost,0,1
1191,lost,5,0
1192,lost,1,0
1193,lost,0,1
1194,lost,0,1
1195,lost,0,1
1196,lost,0,1
1197,lost,2,3
1198,lost,1,0
1199,lost,1,0
1200,lost,4,0
1201,lost,2,0
1202,lost,1,0
1203,lost,0,1
1204,lost,0,2
1205,lost,0,1
1206,won,8,0
1207,lost,3,0
1208,won,2,1
1209,lost,3,0
1210,lost,0,1
1211,lost,0,3
1212,lost,2,0
1213,lost,0,1
1214,lost,1,2
1215,lost,1,0
1216,lost,1,1
1217,lost,0,1
1218,lost,0,1
1219,lost,0,1
1220,lost,1,0
1221,lost,1,0
1222,lost,0,1
1223,won,1,1
1224,lost,0,2
1225,lost,2,0
1226,lost,2,0
1227,lost,1,0
1228,lost,1,0
1229,won,0,4
1230,won,0,2
1231,lost,0,2
1232,lost,2,0
1233,lost,1,0
1234,lost,0,1
1235,won,1,0
1236,lost,0,1
1237,lost,2,0
1238,lost,0,3
1239,lost,0,1
1240,lost,0,3
1241,lost,3,0
1242,lost,1,1
1243,lost,0,1
1244,lost,0,1
1245,won,4,1
1246,lost,0,4
1247,lost,1,0
1248,lost,2,0
1249,lost,1,0
1250,lost,1,0
1251,lost,0,1
1252,lost,2,3
1253,lost,1,0
1254,lost,0,1
1255,won,0,47
1256,won,2,1
1257,lost,1,1
1258,won,0,2
1259,won,0,3
1260,lost,6,2
1261,lost,0,1
1262,lost,0,1
1263,lost,0,1
1264,won,5,1
1265,lost,2,0
1266,lost,0,1
1267,lost,7,8
1268,lost,1,0
1269,lost,1,0
1270,lost,1,0
1271,lost,2,1
1272,lost,0,1
1273,lost,1,0
1274,lost,3,0
1275,lost,3,1
1276,lost,0,1
1277,lost,0,2
1278,lost,0,1
1279,lost,1,0
1280,lost,0,3
1281,lost,3,0
1282,lost,0,2
1283,lost,0,1
1284,lost,0,1
1285,lost,2,0
1286,lost,4,0
1287,lost,1,0
1288,lost,0,3
1289,lost,0,1
1290,lost,0,1
1291,lost,1,2
1292,won,1,3
1293,won,2,1
1294,won,0,1
1295,lost,3,0
1296,lost,2,0
1297,lost,0,1
1298,lost,0,3
1299,lost,0,1
1300,won,0,5
1301,lost,0,1
1302,lost,0,1
1303,won,0,2
1304,lost,6,3
1305,lost,0,2
1306,lost,0,2
1307,lost,1,3
1308,won,0,1
1309,lost,2,1
1310,lost,0,1
1311,lost,1,0
1312,lost,1,1
1313,lost,1,0
1314,lost,1,0
1315,lost,1,0
1316,lost,1,0
1317,lost,0,2
1318,lost,4,1
1319,lost,0,1
1320,lost,1,0
1321,lost,2,0
1322,lost,0,1
1323,lost,0,1
1324,lost,1,0
1325,lost,3,0
1326,lost,1,0
1327,lost,0,1
1328,lost,1,0
1329,lost,0,1
1330,lost,2,2
1331,lost,1,1
1332,won,1,0
1333,won,21,0
1334,lost,1,0
1335,lost,1,0
1336,lost,0,4
1337,won,0,9
1338,lost,1,0
1339,lost,0,1
1340,won,2,0
1341,lost,1,0
1342,lost,4,0
1343,won,1,1
1344,won,0,2
1345,lost,0,2
1346,lost,0,2
1347,lost,0,2
1348,lost,0,2
1349,lost,2,0
1350,lost,1,0
1351,lost,0,2
1352,lost,0,1
1353,lost,1,0
1354,lost,0,1
1355,lost,1,0
1356,won,1,2
1357,lost,0,3
1358,won,0,1
1359,lost,0,1
1360,won,8,2
1361,lost,1,3
1362,lost,1,0
1363,lost,2,0
1364,won,0,1
1365,lost,1,0
1366,lost,0,1
1367,lost,0,1
1368,won,1,4
1369,lost,0,1
1370,lost,0,1
1371,won,0,1
1372,lost,4,1
1373,lost,0,1
1374,won,12,33
1375,lost,1,0
1376,lost,0,6
1377,lost,2,3
1378,lost,0,4
1379,lost,3,0
1380,won,2,1
1381,lost,0,1
1382,lost,1,0
1383,lost,0,1
1384,lost,15,2
1385,lost,0,1
1386,lost,1,2
1387,lost,1,0
1388,lost,1,0
1389,lost,0,1
1390,won,80,41
1391,won,0,1
1392,lost,1,0
1393,won,0,4
1394,lost,1,0
1395,lost,1,0
1396,lost,1,0
1397,lost,1,1
1398,lost,1,0
1399,lost,1,0
1400,lost,3,0
1401,lost,1,0
1402,lost,1,0
1403,lost,1,1
1404,won,0,1
1405,won,1,1
1406,won,26,3
1407,lost,0,2
1408,lost,0,1
1409,lost,3,1
1410,lost,2,0
1411,lost,1,0
1412,lost,1,0
1413,lost,1,0
1414,lost,0,1
1415,lost,0,1
1416,lost,1,0
1417,lost,1,0
1418,lost,0,1
1419,lost,1,2
1420,lost,0,1
1421,won,1,2
1422,won,0,1
1423,lost,3,1
1424,lost,1,1
1425,won,2,3
1426,lost,1,0
1427,won,0,1
1428,lost,0,1
1429,lost,1,0
1430,won,6,6
1431,lost,1,6
1432,won,2,0
1433,lost,1,2
1434,lost,3,0
1435,won,0,2
1436,won,2,1
1437,lost,0,1
1438,lost,1,0
1439,lost,1,0
1440,lost,0,1
1441,lost,0,1
1442,lost,2,1
1443,lost,1,0
1444,lost,1,0
1445,lost,0,1
1446,won,0,4
1447,lost,1,0
1448,lost,1,0
1449,won,6,2
1450,lost,0,1
1451,lost,0,1
1452,lost,1,0
1453,lost,0,1
1454,lost,0,1
1455,lost,2,1
1456,lost,0,1
1457,lost,0,1
1458,lost,0,5
1459,lost,2,0
1460,lost,0,1
1461,lost,1,0
1462,lost,12,11
1463,lost,1,0
1464,lost,1,0
1465,lost,0,2
1466,won,0,1
1467,lost,3,1
1468,lost,0,1
1469,lost,1,0
1470,lost,0,2
1471,lost,0,1
1472,lost,0,1
1473,lost,0,1
1474,lost,1,0
1475,lost,0,1
1476,lost,0,1
1477,lost,0,2
1478,lost,0,1
1479,lost,0,1
1480,lost,1,1
1481,lost,1,0
1482,lost,0,1
1483,lost,1,0
1484,won,0,1
1485,lost,2,0
1486,lost,0,1
1487,lost,4,1
1488,lost,0,2
1489,won,6,3
1490,lost,1,0
1491,lost,1,1
1492,won,6,5
1493,lost,0,1
1494,lost,4,1
1495,lost,1,0
1496,lost,1,0
1497,lost,0,1
1498,lost,0,1
1499,lost,1,2
1500,lost,2,0
1501,lost,0,1
1502,lost,2,0
1503,lost,1,0
1504,lost,3,0
1505,won,1,0
1506,won,5,10
1507,lost,0,1
1508,won,0,3
1509,lost,1,0
1510,won,0,4
1511,won,2,0
1512,won,0,2
1513,lost,0,1
1514,won,4,1
1515,lost,0,4
1516,lost,0,1
1517,won,0,1
1518,lost,0,2
1519,lost,1,0
1520,lost,2,0
1521,won,6,0
1522,lost,0,1
1523,lost,2,0
1524,lost,0,1
1525,lost,0,1
1526,lost,0,1
1527,lost,0,1
1528,won,0,2
1529,lost,1,0
1530,won,0,1
1531,lost,1,0
1532,lost,0,1
1533,lost,3,0
1534,lost,0,2
1535,lost,0,1
1536,lost,0,1
1537,lost,1,0
1538,lost,2,0
1539,lost,0,1
1540,lost,0,1
1541,lost,1,0
1542,lost,0,2
1543,lost,1,1
1544,won,0,4
1545,lost,13,0
1546,won,1,1
1547,lost,2,0
1548,lost,2,0
1549,lost,1,0
1550,won,0,1
1551,won,1,0
1552,lost,1,0
1553,lost,2,0
1554,lost,1,0
1555,lost,1,0
1556,lost,0,1
1557,won,0,1
1558,lost,1,0
1559,lost,1,0
1560,lost,1,1
1561,won,0,1
1562,won,1,2
1563,lost,1,0
1564,lost,0,1
1565,lost,0,1
1566,lost,0,1
1567,lost,0,1
1568,lost,1,3
1569,lost,1,0
1570,lost,2,0
1571,won,0,1
1572,lost,1,0
1573,lost,3,1
1574,lost,0,2
1575,won,0,1
1576,won,3,13
1577,lost,0,1
1578,won,4,0
1579,lost,1,0
1580,lost,1,0
1581,lost,0,2
1582,lost,1,0
1583,won,0,1
1584,lost,0,1
1585,lost,3,2
1586,lost,0,1
1587,lost,1,0
1588,lost,0,1
1589,lost,4,0
1590,won,0,1
1591,lost,2,1
1592,lost,1,0
1593,lost,1,0
1594,lost,0,2
1595,won,0,2
1596,won,0,1
1597,won,1,1
1598,lost,1,0
1599,won,6,3
1600,lost,0,1
1601,lost,1,0
1602,lost,0,1
1603,lost,0,2
1604,lost,0,1
1605,lost,0,1
1606,lost,2,1
1607,lost,0,1
1608,lost,0,1
1609,won,0,4
1610,won,0,1
1611,lost,2,0
1612,lost,0,1
1613,lost,0,1
1614,lost,0,2
1615,lost,3,0
1616,won,0,1
1617,lost,3,0
1618,lost,0,1
1619,lost,1,0
1620,won,1,0
1621,lost,0,1
1622,lost,0,1
1623,lost,0,1
1624,lost,1,0
1625,lost,0,4
1626,lost,0,1
1627,lost,0,5
1628,lost,1,0
1629,lost,0,1
1630,lost,0,1
1631,won,2,0
1632,won,0,1
1633,lost,1,0
1634,lost,1,0
1635,lost,1,0
1636,lost,1,0
1637,lost,1,0
1638,lost,1,1
1639,lost,2,0
1640,lost,1,0
1641,lost,1,1
1642,lost,2,0
1643,lost,0,3
1644,won,0,1
1645,lost,0,1
1646,lost,0,1
1647,lost,0,1
1648,won,0,1
1649,lost,0,1
1650,lost,0,1
1651,lost,1,0
1652,lost,1,1
1653,lost,0,1
1654,lost,0,1
1655,won,3,3
1656,won,0,3
1657,lost,0,1
1658,lost,0,1
1659,lost,2,0
1660,lost,2,2
1661,won,0,3
1662,lost,0,1
1663,lost,1,0
1664,lost,0,1
1665,lost,0,1
1666,lost,1,0
1667,lost,3,0
1668,lost,1,0
1669,lost,0,1
1670,lost,1,0
1671,lost,3,1
1672,lost,0,1
1673,lost,0,2
1674,lost,0,1
1675,lost,3,0
1676,lost,1,0
1677,lost,5,0
1678,won,4,0
1679,won,0,1
1680,lost,2,0
1681,lost,1,0
1682,lost,1,0
1683,lost,0,1
1684,lost,0,1
1685,lost,0,1
1686,won,0,1
1687,won,0,1
1688,lost,0,1
1689,lost,0,1
1690,won,1,0
1691,lost,1,0
1692,lost,0,3
1693,lost,0,1
1694,lost,0,1
1695,lost,2,0
1696,lost,5,0
1697,won,0,5
1698,lost,1,1
1699,lost,0,1
1700,lost,1,0
1701,lost,6,8
1702,lost,1,0
1703,lost,1,0
1704,lost,2,0
1705,won,0,1
1706,won,1,1
1707,lost,2,0
1708,lost,1,0
1709,lost,1,0
1710,lost,1,1
1711,lost,0,3
1712,won,0,3
1713,lost,0,2
1714,lost,1,0
1715,lost,0,1
1716,lost,1,0
1717,won,1,2
1718,lost,1,0
1719,lost,0,1
1720,lost,0,1
1721,lost,1,0
1722,lost,1,0
1723,won,0,2
1724,lost,1,0
1725,lost,0,2
1726,won,3,0
1727,lost,1,1
1728,won,0,2
1729,lost,0,3
1730,lost,1,0
1731,lost,0,1
1732,lost,2,0
1733,lost,1,0
1734,lost,1,0
1735,lost,0,1
1736,lost,0,1
1737,lost,0,2
1738,lost,3,0
1739,lost,0,1
1740,lost,1,0
1741,lost,1,0
1742,lost,0,1
1743,lost,1,0
1744,won,0,2
1745,lost,0,1
1746,lost,0,1
1747,lost,0,1
1748,lost,1,0
1749,lost,1,0
1750,won,0,4
1751,lost,0,1
1752,lost,0,2
1753,lost,0,1
1754,lost,3,0
1755,lost,1,1
1756,lost,1,0
1757,lost,1,0
1758,won,9,26
1759,lost,1,0
1760,lost,0,1
1761,lost,0,1
1762,lost,0,1
1763,lost,1,1
1764,lost,0,1
1765,lost,1,0
1766,lost,2,0
1767,lost,1,0
1768,lost,0,1
1769,lost,2,0
1770,lost,3,0
1771,lost,2,0
1772,lost,2,0
1773,lost,1,0
1774,lost,0,1
1775,won,2,0
1776,lost,0,2
1777,won,0,5
1778,lost,0,1
1779,lost,1,0
1780,lost,1,0
1781,lost,0,1
1782,lost,0,1
1783,lost,0,1
1784,lost,0,1
1785,lost,0,1
1786,lost,0,2
1787,lost,1,0
1788,lost,1,0
1789,lost,0,1
1790,lost,0,1
1791,lost,1,0
1792,lost,1,0
1793,lost,1,1
1794,won,0,4
1795,lost,0,2
1796,lost,1,0
1797,lost,0,1
1798,won,0,1
1799,lost,1,0
1800,lost,1,0
1801,lost,0,2
1802,lost,1,0
1803,lost,0,1
1804,lost,1,0
1805,lost,1,0
1806,won,1,1
1807,lost,0,1
1808,lost,4,0
1809,lost,1,0
1810,lost,1,1
1811,lost,1,0
1812,lost,0,1
1813,lost,1,0
1814,lost,0,1
1815,lost,1,0
1816,lost,1,0
1817,won,1,1
1818,lost,0,1
1819,lost,2,0
1820,lost,0,1
1821,lost,0,1
1822,lost,3,0
1823,won,4,0
1824,lost,0,1
1825,lost,1,0
1826,lost,1,0
1827,lost,0,2
1828,lost,1,1
1829,lost,0,1
1830,lost,0,1
1831,lost,1,0
1832,lost,1,0
1833,lost,2,0
1834,lost,1,0
1835,lost,0,1
1836,won,7,0
1837,lost,1,0
1838,lost,0,1
1839,lost,0,3
1840,lost,1,0
1841,lost,1,0
1842,lost,1,0
1843,lost,1,0
1844,lost,1,0
1845,lost,0,1
1846,lost,0,1
1847,lost,1,0
1848,won,0,8
1849,lost,0,1
1850,lost,0,1
1851,won,28,10
1852,lost,2,0
1853,won,0,5
1854,lost,0,1
1855,lost,1,0
1856,lost,0,2
1857,lost,0,1
1858,lost,1,2
1859,lost,2,0
1860,lost,1,0
1861,lost,0,1
1862,lost,0,1
1863,lost,1,6
1864,lost,0,1
1865,lost,1,0
1866,lost,4,0
1867,won,0,1
1868,won,6,2
1869,won,0,1
1870,lost,1,0
1871,lost,0,1
1872,lost,1,0
1873,lost,2,0
1874,won,1,0
1875,lost,1,3
1876,lost,1,0
1877,lost,0,1
1878,lost,1,0
1879,won,0,6
1880,lost,0,1
1881,won,0,2
1882,lost,0,1
1883,lost,0,2
1884,lost,0,1
1885,lost,1,0
1886,lost,0,1
1887,lost,0,1
1888,lost,2,0
1889,won,1,0
1890,lost,1,0
1891,lost,1,0
1892,won,0,2
1893,lost,3,0
1894,lost,1,0
1895,lost,0,1
1896,lost,0,1
1897,lost,0,1
1898,lost,0,1
1899,lost,0,1
1900,lost,0,1
1901,lost,0,1
1902,lost,1,0
1903,lost,1,0
1904,lost,0,1
1905,lost,1,2
1906,lost,0,1
1907,won,0,1
1908,lost,0,2
1909,lost,0,1
1910,lost,1,0
1911,lost,0,2
1912,lost,0,1
1913,lost,1,0
1914,lost,2,0
1915,lost,0,1
1916,won,1,0
1917,lost,0,1
1918,lost,0,2
1919,lost,1,0
1920,lost,0,1
1921,lost,0,1
1922,lost,0,1
1923,won,0,3
1924,won,0,1
1925,lost,0,1
1926,lost,5,0
1927,lost,1,0
1928,lost,2,0
1929,lost,0,1
1930,lost,0,1
1931,lost,0,1
1932,lost,3,0
1933,lost,0,1
1934,lost,1,0
1935,lost,2,0
1936,lost,1,0
1937,lost,0,1
1938,lost,0,1
1939,lost,0,2
1940,won,1,0
1941,lost,1,0
1942,lost,1,0
1943,lost,1,0
1944,lost,0,1
1945,lost,0,1
1946,lost,4,0
1947,lost,1,0
1948,lost,0,1
1949,lost,0,1
1950,lost,1,0
1951,lost,0,1
1952,lost,1,0
1953,won,0,2
1954,lost,0,3
1955,lost,1,0
1956,won,0,1
1957,lost,0,2
1958,lost,3,0
1959,won,0,1
1960,won,0,1
1961,lost,0,3
1962,won,1,0
1963,lost,0,1
1964,lost,0,3
1965,lost,1,1
1966,lost,1,0
1967,lost,5,0
1968,lost,0,1
1969,lost,1,0
1970,lost,1,0
1971,lost,1,0
1972,lost,0,1
1973,lost,0,1
1974,lost,0,1
1975,lost,1,0
1976,lost,0,1
1977,lost,0,1
1978,won,0,1
1979,lost,1,0
1980,lost,0,1
1981,lost,0,1
1982,lost,0,1
1983,lost,0,5
1984,lost,1,0
1985,lost,0,1
1986,lost,1,0
1987,lost,0,1
1988,won,0,41
1989,lost,0,1
1990,lost,1,0
1991,lost,2,0
1992,lost,0,1
1993,lost,1,0
1994,lost,0,1
1995,won,0,1
1996,lost,1,0
1997,lost,1,0
1998,lost,0,1
1999,lost,0,1
2000,won,0,11
2001,lost,1,0
2002,won,2,0
2003,lost,2,0
2004,lost,1,0
2005,won,1,0
2006,won,1,0
2007,lost,6,0
2008,lost,0,1
2009,won,0,1
2010,won,0,1
2011,lost,1,0
2012,won,0,7
2013,lost,0,2
2014,lost,2,0
2015,lost,1,0
2016,lost,1,0
2017,lost,2,0
2018,lost,0,1
2019,lost,0,1
2020,lost,3,0
2021,lost,3,0
2022,lost,8,0
2023,lost,0,1
2024,lost,1,0
2025,lost,0,1
2026,lost,1,0
2027,lost,1,0
